4000001,Kristina,Chung,55,Pilot
4000002,Paige,Chen,74,Teacher
NM,New Mexico
NY,New York
NC,North Carolina
ND,North Dakota
OH,Ohio
OK,Oklahoma
OR,Oregon
MD,Maryland
MA,Massachusetts
MI,Michigan
MN,Minnesota
MS,Mississippi
MO,Missouri
PA,Pennsylvania
RI,Rhode Island
SC,South Carolina
SD,South Dakota
TN,Tennessee
TX,Texas
UT,Utah
VT,Vermont
VA,Virginia
WA,Washington
WV,West Virginia
WI,Wisconsin
WY,Wyoming
4000003,Sherri,Melton,34,Firefighter
4000004,Gretchen,Hill,66,Computer hardware engineer
4000005,Karen,Puckett,74,Lawyer
4000006,Patrick,Song,42,Veterinarian
4000007,Elsie,Hamilton,43,Pilot
4000008,Hazel,Bender,63,Carpenter
4000009,Malcolm,Wagner,39,Artist
4000010,Dolores,McLaughlin,60,Writer
4000011,Francis,McNamara,47,Therapist
4000012,Sandy,Raynor,26,Writer
4000013,Marion,Moon,41,Carpenter
4000014,Beth,Woodard,65,
4000015,Julia,Desai,49,Musician
4000016,Jerome,Wallace,52,Pharmacist
4000017,Neal,Lawrence,72,Computer support specialist
4000018,Jean,Griffin,45,Childcare worker
4000019,Kristine,Dougherty,63,Financial analyst
4000020,Crystal,Powers,67,Engineering technician
4000021,Alex,May,39,Environmental scientist
4000022,Eric,Steele,66,Doctor
4000023,Wesley,Teague,42,Carpenter
4000024,Franklin,Vick,28,Dancer
4000025,Claire,Gallagher,42,Musician
4000026,Marian,Solomon,27,Lawyer
4000027,Marcia,Walsh,64,Accountant
4000028,Dwight,Monroe,45,Economist
4000029,Wayne,Connolly,40,Real estate agent
4000030,Stephanie,Hawkins,50,Human resources assistant
4000031,Neal,Middleton,59,Civil engineer
4000032,Gretchen,Goldstein,24,Engineering technician
4000033,Tim,Watts,58,Lawyer
4000034,Jerome,Johnston,38,Childcare worker
4000035,Shelley,Weeks,25,Reporter
4000036,Priscilla,Wilkerson,35,Agricultural and food scientist
4000037,Elsie,Barton,27,Childcare worker
4000038,Beth,Walton,73,Firefighter
4000039,Erica,Hall,33,Police officer
4000040,Douglas,Ross,27,Secretary
4000041,Donald,Chung,65,Computer hardware engineer
4000042,Katherine,Bender,44,Physicist
4000043,Paul,Woods,63,Doctor
4000044,Patricia,Mangum,67,Civil engineer
4000045,Lois,Joseph,44,Musician
4000046,Louis,Rosenthal,31,
4000047,Christina,Bowden,47,Computer software engineer
4000048,Darlene,Barton,54,Doctor
4000049,Harvey,Underwood,70,Engineering technician
4000050,William,Jones,53,Photographer
4000051,Frederick,Baker,52,Writer
4000052,Shirley,Merritt,21,Reporter
4000053,Jason,Cross,56,Civil engineer
4000054,Judith,Cooper,22,Economist
4000055,Gretchen,Holmes,39,Childcare worker
4000056,Don,Sharpe,53,Social worker
4000057,Glenda,Morgan,37,Real estate agent
4000058,Scott,Hoyle,40,Doctor
4000059,Pat,Allen,45,Secretary
4000060,Michelle,Rich,44,Artist
4000061,Jessica,Rich,37,Actor
4000062,Evan,Grant,66,Agricultural and food scientist
4000063,Melinda,Proctor,27,Teacher
4000064,Calvin,Diaz,65,Athlete
4000065,Eugene,Graham,52,Police officer
4000066,Vickie,Watkins,55,Computer support specialist
4000067,Luis,Hinton,69,Childcare worker
4000068,Allan,Marsh,67,Athlete
4000069,Melanie,Hewitt,47,Real estate agent
4000070,Marianne,Branch,53,Judge
4000071,Natalie,Walton,24,Recreation and fitness worker
4000072,Caroline,O'Brien,44,Computer support specialist
4000073,Arlene,Case,62,Musician
4000074,Kyle,Watts,39,Engineering technician
4000075,Calvin,Christensen,54,Architect
4000076,Gary,Parks,65,Pharmacist
4000077,Samantha,Hardin,27,Doctor
4000078,Sara,Lucas,44,Loan officer
4000079,Stacy,Eason,31,Musician
4000080,Gladys,Davidson,52,Recreation and fitness worker
4000081,Mike,Whitehead,26,Politician
4000082,Lynne,Rose,36,Loan officer
4000083,Faye,Sparks,61,Civil engineer
4000084,Diana,Moore,44,Computer support specialist
4000085,Leon,Pearson,24,Physicist
4000086,Ethel,Rodgers,30,Librarian
4000087,Steve,Graves,73,Nurse
4000088,Alison,Scarborough,66,Designer
4000089,Sherri,Sutton,75,Social worker
4000090,Patsy,Sinclair,48,Police officer
4000091,Kelly,Bowman,69,Childcare worker
4000092,Stacy,Olsen,25,Veterinarian
4000093,Curtis,Love,45,Secretary
4000094,Dana,McLean,61,Artist
4000095,Jennifer,Christian,54,Human resources assistant
4000096,Brett,Lamb,39,Engineering technician
4000097,Brandon,James,29,Musician
4000098,Keith,Chandler,25,Coach
4000099,Joann,Stout,32,Real estate agent
4000100,Ronnie,Cowan,71,Photographer
4000101,Scott,Golden,27,Teacher
4000102,Gene,Bowling,73,Recreation and fitness worker
4000103,Louise,Beasley,54,Loan officer
4000104,Geoffrey,Clapp,41,Photographer
4000105,Patricia,Abrams,51,Veterinarian
4000106,Jennifer,Tilley,35,Agricultural and food scientist
4000107,Mary,Morse,70,Automotive mechanic
4000108,Shawn,Boykin,34,Photographer
4000109,Vincent,Sumner,31,Lawyer
4000110,Kurt,Cassidy,32,Dancer
4000111,Danny,Davidson,70,Agricultural and food scientist
4000112,Charlene,Heath,26,Electrician
4000113,Alice,Blanchard,73,Economist
4000114,Joan,McAllister,73,Engineering technician
4000115,Betty,McKenzie,45,Computer support specialist
4000116,Danny,Byrne,51,Dancer
4000117,Peggy,Schroeder,61,Loan officer
4000118,Leslie,Griffin,37,Photographer
4000119,Marshall,Gross,42,Actor
4000120,Sara,Perkins,67,Actor
4000121,Martha,Robertson,37,Agricultural and food scientist
4000122,Jack,Palmer,52,Human resources assistant
4000123,Gayle,Brady,45,Firefighter
4000124,Benjamin,Rowe,64,Childcare worker
4000125,Roberta,Zhang,38,Statistician
4000126,Patricia,Hodge,59,Artist
4000127,Clifford,Li,63,Photographer
4000128,Joanne,Bowling,35,Musician
4000129,Martin,Justice,58,Electrician
4000130,Toni,Glass,46,Lawyer
4000131,Beth,Willis,62,Carpenter
4000132,Jessica,Hester,72,Civil engineer
4000133,Samantha,Floyd,72,Childcare worker
4000134,Jimmy,Graves,69,Nurse
4000135,Vincent,Fischer,33,Statistician
4000136,Dianne,Norman,68,Veterinarian
4000137,Rhonda,Chan,34,Pharmacist
4000138,Tamara,Hunt,25,Psychologist
4000139,Mary,Byrd,34,Environmental scientist
4000140,Sidney,Lane,54,Statistician
4000141,Jeff,Kaplan,70,Chemist
4000142,Sandra,Heller,51,Photographer
4000143,Katie,May,28,Recreation and fitness worker
4000144,Raymond,Jennings,63,Coach
4000145,Roger,Hanna,23,Musician
4000146,Natalie,Locklear,37,Politician
4000147,Kathy,Holloway,65,Pharmacist
4000148,Troy,Jones,74,Secretary
4000149,Neal,Glover,40,Real estate agent
4000150,Martin,Vick,31,Physicist
4000151,Jack,O'Donnell,59,Actor
4000152,Vincent,Goldman,22,Electrician
4000153,Beth,McKenna,40,Veterinarian
4000154,Milton,Starr,23,Carpenter
4000155,Tamara,Stone,73,Firefighter
4000156,Mitchell,McClure,68,Loan officer
4000157,Franklin,Watson,64,Coach
4000158,Leroy,Monroe,51,Computer support specialist
4000159,Glen,Abbott,29,Loan officer
4000160,Judith,Singer,73,Actor
4000161,Alice,Hall,33,Recreation and fitness worker
4000162,Bruce,Farrell,35,Librarian
4000163,Kathleen,Lucas,66,Chemist
4000164,Amy,Norman,62,Automotive mechanic
4000165,Ronnie,Atkins,67,Dancer
4000166,Martha,Monroe,31,Judge
4000167,Lynn,Robertson,45,Lawyer
4000168,Jose,Sykes,47,Writer
4000169,Robert,Reid,39,Carpenter
4000170,Pauline,Chandler,70,Economist
4000171,Stephen,Finch,30,Coach
4000172,Peggy,Hobbs,69,Musician
4000173,Donna,Adkins,72,Electrical engineer
4000174,Doris,Kinney,36,Athlete
4000175,Ben,Whitaker,35,Computer support specialist
4000176,Kristin,Alexander,21,Coach
4000177,Ryan,Conner,51,Electrical engineer
4000178,Tracey,Waters,73,Computer hardware engineer
4000179,Mark,Becker,39,Computer support specialist
4000180,Louis,Rollins,35,Economist
4000181,Janet,Love,39,Politician
4000182,Leo,Adkins,42,Economist
4000183,Constance,Black,36,Firefighter
4000184,Sarah,Fox,73,Psychologist
4000185,Gladys,Hatcher,62,Musician
4000186,Hazel,Wu,68,Therapist
4000187,Hazel,Lloyd,48,Politician
4000188,Jerome,Joyce,40,Artist
4000189,Vincent,Welch,54,Psychologist
4000190,Kim,Matthews,38,Architect
4000191,Joseph,Chappell,59,Reporter
4000192,Alison,MacDonald,26,Childcare worker
4000193,Eric,Kane,61,Childcare worker
4000194,Heather,Butler,67,Farmer
4000195,Claire,Pickett,59,Lawyer
4000196,Michele,Bowman,54,Computer software engineer
4000197,Terry,Barton,27,Recreation and fitness worker
4000198,Ken,Kennedy,35,Automotive mechanic
4000199,Judy,Branch,42,Athlete
4000200,Clyde,Thornton,70,Pharmacist
4000201,Timothy,McNeill,70,Librarian
4000202,Ted,Weinstein,23,Human resources assistant
4000203,Sandra,Middleton,28,Librarian
4000204,Billie,Moss,65,Photographer
4000205,Katharine,Lucas,67,Electrician
4000206,Lester,Rich,53,Human resources assistant
4000207,Johnny,Carlton,28,Librarian
4000208,Ashley,Brady,43,Financial analyst
4000209,Lauren,Schultz,33,Electrician
4000210,Carolyn,Nichols,49,Agricultural and food scientist
4000211,Louis,Harvey,72,Financial analyst
4000212,Charlene,Stevenson,65,Carpenter
4000213,Ashley,Houston,24,Judge
4000214,Sheryl,Dunn,71,Civil engineer
4000215,Ben,West,64,Electrician
4000216,Linda,O'Brien,46,Loan officer
4000217,Sarah,Barr,52,Therapist
4000218,Brett,Snyder,22,Doctor
4000219,Dana,Cain,63,Human resources assistant
4000220,Rebecca,Heath,74,Environmental scientist
4000221,Glenda,Boswell,28,Civil engineer
4000222,Glen,Olsen,63,Childcare worker
4000223,Don,Pittman,70,Designer
4000224,Gregory,Weiner,58,Accountant
4000225,Randy,Petersen,71,Actor
4000226,Geraldine,Davis,36,Accountant
4000227,Edna,Coleman,58,Veterinarian
4000228,Sidney,Terrell,32,Statistician
4000229,Faye,Norman,64,Pilot
4000230,Kathy,Burch,28,Pilot
4000231,Marguerite,Weiner,45,Police officer
4000232,Marvin,Parrott,67,Doctor
4000233,Alex,Henry,67,Police officer
4000234,Alexander,Gray,35,Reporter
4000235,Marsha,Chang,42,Chemist
4000236,Karl,McLean,69,Photographer
4000237,Laura,Eason,31,Loan officer
4000238,Melinda,Weeks,59,Computer software engineer
4000239,Eva,Siegel,50,Psychologist
4000240,Robert,Puckett,56,Physicist
4000241,Bill,Heath,35,Actor
4000242,Edna,Hoyle,74,Electrical engineer
4000243,Clifford,Garrett,72,Veterinarian
4000244,Penny,Neal,59,Veterinarian
4000245,Glenda,Baker,52,Economist
4000246,Arthur,Goldman,58,Childcare worker
4000247,Wesley,Shaffer,58,Farmer
4000248,Allison,Choi,23,Computer hardware engineer
4000249,Florence,Carver,34,Electrical engineer
4000250,Claire,Shelton,34,Environmental scientist
4000251,Jeremy,House,61,Pilot
4000252,Christy,Lyons,31,Physicist
4000253,Wesley,Moser,64,Doctor
4000254,Lucy,Dickinson,72,Loan officer
4000255,Susan,Abbott,65,Actor
4000256,Nancy,Hobbs,40,Environmental scientist
4000257,Monica,Dodson,58,
4000258,Justin,Spencer,67,Economist
4000259,Margaret,Burgess,74,Social worker
4000260,Philip,Liu,59,Nurse
4000261,Miriam,Wong,27,Childcare worker
4000262,Miriam,Blackburn,52,Athlete
4000263,Christopher,McKay,67,Judge
4000264,Joanna,Middleton,37,Firefighter
4000265,Stacy,Frazier,69,Designer
4000266,Janice,Reid,40,Therapist
4000267,Brian,Braswell,64,Chemist
4000268,Juan,Steele,57,Nurse
4000269,Leroy,Donovan,74,Photographer
4000270,Tommy,Barrett,38,Engineering technician
4000271,Alice,Nance,59,Pilot
4000272,Adam,Washington,54,Electrical engineer
4000273,Larry,Rogers,50,Engineering technician
4000274,Angela,McMahon,66,Secretary
4000275,Lawrence,Miles,74,Dancer
4000276,Glen,Kramer,43,Coach
4000277,Valerie,Jennings,59,Loan officer
4000278,Meredith,Bowles,62,Accountant
4000279,Jan,Brown,58,Secretary
4000280,Lillian,Bolton,32,Photographer
4000281,Allen,Craven,64,Therapist
4000282,Ashley,Hendrix,50,Accountant
4000283,Ian,Nichols,57,Electrician
4000284,Gina,Saunders,48,Photographer
4000285,Donna,Lehman,71,Social worker
4000286,Catherine,Sherrill,48,Nurse
4000287,Lester,Cash,30,Firefighter
4000288,Jacob,Pittman,34,Economist
4000289,Nancy,Sullivan,70,Electrical engineer
4000290,Gail,Whitehead,21,Nurse
4000291,Lloyd,Mack,67,Recreation and fitness worker
4000292,Donna,Rice,21,Social worker
4000293,Kay,Ayers,44,Childcare worker
4000294,Wendy,Cherry,70,Loan officer
4000295,Lucille,Richmond,70,Photographer
4000296,Virginia,York,67,Politician
4000297,Bruce,Wiley,43,Artist
4000298,Marc,Harrington,57,Physicist
4000299,Geoffrey,Reed,53,Reporter
4000300,Tiffany,Nash,41,Coach
4000301,Todd,Wilkerson,55,Librarian
4000302,Jill,Kent,27,Electrical engineer
4000303,Erin,Finch,54,Police officer
4000304,Melinda,Starr,57,Statistician
4000305,Julie,Holland,61,Architect
4000306,Stanley,Glover,44,Nurse
4000307,Karen,Clements,74,Farmer
4000308,Judy,Schultz,42,Statistician
4000309,Raymond,Hawley,66,Recreation and fitness worker
4000310,Julie,Skinner,56,Electrical engineer
4000311,Sue,Hamrick,43,Reporter
4000312,Colleen,Winters,36,Designer
4000313,Judith,Dolan,44,Civil engineer
4000314,Luis,Turner,69,Computer software engineer
4000315,Bradley,Beatty,36,Human resources assistant
4000316,Glenda,Douglas,28,Loan officer
4000317,Brent,Byrne,62,Judge
4000318,Clyde,Hendricks,41,Loan officer
4000319,Sharon,Mayer,70,Statistician
4000320,Mary,Cochran,25,Computer support specialist
4000321,Sue,Reilly,33,Physicist
4000322,Geraldine,Jensen,50,Pilot
4000323,Rita,Yates,34,Librarian
4000324,Annie,Haynes,51,Social worker
4000325,Ruth,Harmon,75,Artist
4000326,Michelle,Matthews,67,Computer software engineer
4000327,Heather,Dawson,43,
4000328,Jane,Barefoot,53,Accountant
4000329,Wallace,Kaplan,35,Secretary
4000330,Kimberly,Gross,38,Designer
4000331,Jon,Richmond,37,Agricultural and food scientist
4000332,Lee,Pope,55,Statistician
4000333,Kenneth,Pickett,28,Police officer
4000334,Keith,Schwartz,65,Childcare worker
4000335,Jim,Singleton,55,Accountant
4000336,Steven,Ballard,62,Pilot
4000337,Pauline,Spivey,55,Computer hardware engineer
4000338,Marc,Denton,71,Musician
4000339,Kerry,Huff,38,Writer
4000340,Lynne,Mangum,37,Chemist
4000341,Claude,Berger,51,Electrical engineer
4000342,Rose,McCall,29,Farmer
4000343,Kathy,Pollard,43,Politician
4000344,Catherine,Garcia,69,Athlete
4000345,Frances,Wagner,28,Veterinarian
4000346,Diana,Crane,26,Lawyer
4000347,Leslie,Wolf,50,Loan officer
4000348,Marian,Crane,37,Automotive mechanic
4000349,Russell,Dalton,21,Civil engineer
4000350,Sheryl,Diaz,30,Pharmacist
4000351,Lewis,Currin,73,Farmer
4000352,Ernest,Stanton,51,Lawyer
4000353,Vivian,Carey,64,Statistician
4000354,Harold,Li,49,Doctor
4000355,Malcolm,Chan,27,Environmental scientist
4000356,Kay,Hess,56,Childcare worker
4000357,Max,Robinson,32,Dancer
4000358,Vicki,Mills,56,Computer support specialist
4000359,Leon,Bender,22,Firefighter
4000360,Alvin,McDonald,73,Musician
4000361,Jacob,Moore,64,Environmental scientist
4000362,Holly,Fox,74,Physicist
4000363,Audrey,Lanier,54,Human resources assistant
4000364,Christina,Harris,39,Doctor
4000365,Joseph,Underwood,57,Reporter
4000366,Evelyn,Parsons,37,Human resources assistant
4000367,Nicholas,Vaughn,66,Carpenter
4000368,Ben,Banks,60,Accountant
4000369,Dorothy,Sherrill,28,Agricultural and food scientist
4000370,Theresa,Oakley,35,Nurse
4000371,Harriet,Rubin,71,Real estate agent
4000372,Barry,Maynard,53,Pharmacist
4000373,Jerome,Hill,66,Computer hardware engineer
4000374,Jason,Livingston,67,Civil engineer
4000375,Norman,Lam,63,Teacher
4000376,Glen,Thompson,40,Coach
4000377,Ellen,Creech,36,Human resources assistant
4000378,Dianne,Dillon,34,Recreation and fitness worker
4000379,Harry,Foster,50,Coach
4000380,Tim,Starr,59,Photographer
4000381,Kent,Roy,31,Electrical engineer
4000382,Eddie,Barbour,61,Athlete
4000383,Arnold,Burke,70,Reporter
4000384,Melanie,Ritchie,36,Financial analyst
4000385,Ronald,Odom,49,Psychologist
4000386,Gene,Pearce,30,Architect
4000387,Peter,Rosenberg,60,Politician
4000388,Jean,Garrett,73,Doctor
4000389,Neal,O'Connor,26,Therapist
4000390,Tracy,Cates,54,Dancer
4000391,Holly,McIntosh,73,Computer software engineer
4000392,Emma,Olson,74,Pilot
4000393,Molly,Cox,55,Social worker
4000394,Carlos,Erickson,63,Statistician
4000395,Betsy,Chang,54,Designer
4000396,Andrew,Briggs,45,Farmer
4000397,Bill,Klein,26,Teacher
4000398,Eileen,Goldberg,57,Therapist
4000399,Randall,Hinson,51,Judge
4000400,Kelly,Weiss,72,Librarian
4000401,Elaine,Pritchard,48,Automotive mechanic
4000402,Rhonda,Goldman,38,Computer support specialist
4000403,Leo,Lassiter,65,Pilot
4000404,Clarence,Massey,74,Politician
4000405,Grace,Stark,41,Pharmacist
4000406,Jordan,Dunlap,59,Agricultural and food scientist
4000407,Glenda,Humphrey,32,Carpenter
4000408,Jacob,Singleton,33,Veterinarian
4000409,Jordan,Horowitz,58,Actor
4000410,Dawn,Lutz,66,Therapist
4000411,Joanna,Hoover,50,
4000412,Sandra,Kang,47,Designer
4000413,Stephen,Melton,33,Athlete
4000414,Jessica,Teague,72,Firefighter
4000415,Regina,Ellington,52,Social worker
4000416,Paige,Cherry,45,Environmental scientist
4000417,Joyce,Jennings,61,Social worker
4000418,Tamara,Creech,46,Social worker
4000419,Toni,Lynn,67,Civil engineer
4000420,Betty,Albright,64,Engineering technician
4000421,Jerry,Alston,31,Lawyer
4000422,Tommy,Burnette,72,Doctor
4000423,Alan,O'Neal,59,Pilot
4000424,Christina,Morris,56,Dancer
4000425,Dean,Lutz,26,Pilot
4000426,Veronica,Callahan,31,Veterinarian
4000427,Kelly,Conway,36,Designer
4000428,Marcus,Harvey,62,Computer support specialist
4000429,Carrie,Watson,52,Musician
4000430,George,Glover,41,Nurse
4000431,Nina,Savage,35,Politician
4000432,Paige,Henson,61,Dancer
4000433,Jay,Wang,64,Carpenter
4000434,Sue,Ellis,59,Environmental scientist
4000435,Brenda,Barbour,36,Architect
4000436,Joshua,Sherrill,43,Politician
4000437,Nelson,Pierce,69,Actor
4000438,Vincent,Woodward,34,Electrical engineer
4000439,Nicholas,Godfrey,69,Environmental scientist
4000440,Hannah,Langston,25,Pilot
4000441,Alice,Eaton,32,Chemist
4000442,Elisabeth,Lowe,34,Farmer
4000443,Matthew,Stanton,51,Secretary
4000444,Thomas,Fuller,51,Childcare worker
4000445,Benjamin,Simmons,70,Veterinarian
4000446,Kristine,Schultz,66,Architect
4000447,Jordan,Knight,65,Electrician
4000448,Guy,Klein,34,Designer
4000449,Terry,Garcia,30,Automotive mechanic
4000450,Floyd,Schroeder,37,Farmer
4000451,Russell,Hess,21,Architect
4000452,Marsha,Gold,36,Athlete
4000453,Kim,Hensley,64,Photographer
4000454,Virginia,Turner,22,Computer hardware engineer
4000455,Deborah,French,56,Accountant
4000456,Peter,Hughes,38,Computer software engineer
4000457,Bernard,Pate,34,Doctor
4000458,Harold,Burnett,40,Musician
4000459,Gretchen,Francis,60,Politician
4000460,Cheryl,Horn,40,Veterinarian
4000461,Audrey,Forrest,50,Architect
4000462,Alan,Levin,43,Statistician
4000463,Wayne,Weiner,70,
4000464,Nancy,Durham,60,Nurse
4000465,Peter,Guthrie,21,Nurse
4000466,Benjamin,Hensley,37,Pilot
4000467,Derek,Freedman,66,Recreation and fitness worker
4000468,Marlene,Wiggins,65,Agricultural and food scientist
4000469,Clara,Best,51,Pharmacist
4000470,Ashley,Beatty,46,Computer support specialist
4000471,Kara,Crawford,40,Social worker
4000472,Kristin,Drake,22,Financial analyst
4000473,Edwin,Curtis,25,Civil engineer
4000474,Molly,Walter,30,Architect
4000475,Marshall,Dunlap,43,Statistician
4000476,Elaine,Jenkins,47,Writer
4000477,Victor,Hood,48,Firefighter
4000478,Tonya,Ellis,26,Firefighter
4000479,Cecil,Jiang,74,Photographer
4000480,Melissa,Johnson,64,Recreation and fitness worker
4000481,Christina,Craig,48,Dancer
4000482,Allison,Norman,25,Musician
4000483,Gretchen,McIntyre,38,Statistician
4000484,Bonnie,Brantley,68,Firefighter
4000485,George,Kelley,58,Judge
4000486,Barbara,Smith,58,Designer
4000487,Evelyn,Lyons,51,Childcare worker
4000488,Rita,Wall,58,Photographer
4000489,Dan,Quinn,31,Agricultural and food scientist
4000490,Juan,Hicks,37,Accountant
4000491,Jesse,Garrison,59,Pharmacist
4000492,Ronnie,Watts,29,Actor
4000493,Hilda,Dickerson,53,Farmer
4000494,Stephen,Waller,75,
4000495,Lorraine,Carter,65,Financial analyst
4000496,Chris,Robinson,74,Economist
4000497,Katie,Katz,26,Dancer
4000498,Richard,Hull,69,Accountant
4000499,Steve,Bowling,61,Recreation and fitness worker
4000500,Monica,Brantley,58,Engineering technician
4000501,Kenneth,Brock,68,Loan officer
4000502,Leigh,James,37,Teacher
4000503,Glenda,McMillan,61,Police officer
4000504,Ricky,Hu,50,Teacher
4000505,Rick,Waller,54,Teacher
4000506,Wanda,Abbott,36,Agricultural and food scientist
4000507,Heidi,McKee,68,Engineering technician
4000508,Robin,Waters,63,Computer hardware engineer
4000509,Dan,Sims,33,Loan officer
4000510,Kathy,Henderson,69,Coach
4000511,Alicia,Rao,68,Loan officer
4000512,Sherry,Bray,67,Chemist
4000513,Chris,Scarborough,45,Engineering technician
4000514,Nathan,Ford,36,Financial analyst
4000515,Sidney,Blum,54,Photographer
4000516,Clyde,Kenney,25,Pharmacist
4000517,Barry,Gordon,58,Actor
4000518,Shannon,Blair,72,Librarian
4000519,Melinda,Moore,67,Chemist
4000520,Maureen,Kemp,45,Artist
4000521,Pat,Hutchinson,42,Computer support specialist
4000522,Neal,Brennan,28,Therapist
4000523,Anne,Little,64,Nurse
4000524,Clifford,Gill,40,Computer support specialist
4000525,Nicole,Keller,55,Human resources assistant
4000526,Rachel,Rosenthal,56,Automotive mechanic
4000527,Carolyn,McConnell,31,Firefighter
4000528,Samuel,Sawyer,63,Pharmacist
4000529,Theodore,McCall,68,Lawyer
4000530,Eleanor,Coates,31,Reporter
4000531,Glenn,Hicks,40,Librarian
4000532,Wesley,Davidson,73,Electrical engineer
4000533,Ralph,Hawkins,34,Agricultural and food scientist
4000534,Annie,Lindsay,38,Statistician
4000535,Beth,Gonzalez,41,Human resources assistant
4000536,Claire,Gray,66,Therapist
4000537,Jonathan,English,67,Agricultural and food scientist
4000538,Bradley,Duke,27,Police officer
4000539,Hugh,Webb,71,Firefighter
4000540,Nicholas,Baldwin,71,Childcare worker
4000541,Penny,Lamb,32,Agricultural and food scientist
4000542,Gloria,Shaffer,33,Pilot
4000543,Kelly,Wang,31,Accountant
4000544,Tommy,Burgess,38,Librarian
4000545,Danielle,Smith,22,Pharmacist
4000546,Calvin,Fletcher,55,Judge
4000547,Emily,Boyd,61,Psychologist
4000548,Luis,Hirsch,72,Librarian
4000549,Kimberly,Currie,74,Financial analyst
4000550,Paige,McKenzie,36,Chemist
4000551,Sidney,Weber,26,Electrician
4000552,Robert,Honeycutt,63,Computer hardware engineer
4000553,Karen,Manning,30,Recreation and fitness worker
4000554,Kyle,Bolton,25,Writer
4000555,Mary,Ritchie,57,Politician
4000556,Evelyn,Baldwin,71,Statistician
4000557,Lynda,Riley,38,Electrician
4000558,Beth,Swanson,64,Photographer
4000559,Erin,Huffman,37,Electrician
4000560,James,Gibson,35,Computer support specialist
4000561,Leigh,Yates,45,Secretary
4000562,Jordan,Wrenn,61,Pilot
4000563,Willie,Green,34,Civil engineer
4000564,Wade,Harris,63,Pharmacist
4000565,Lori,Hayes,51,Firefighter
4000566,Charlotte,Hamrick,31,Therapist
4000567,Rhonda,Hawley,37,Reporter
4000568,Steve,Koch,36,Nurse
4000569,Nicholas,McKenzie,33,Actor
4000570,Vicki,Harrell,74,Civil engineer
4000571,Stephanie,Parsons,29,Politician
4000572,Jose,McGuire,61,Photographer
4000573,George,Stephenson,42,Electrician
4000574,Marlene,Baxter,37,Recreation and fitness worker
4000575,Catherine,Summers,27,Real estate agent
4000576,Carrie,Welch,67,Doctor
4000577,Leo,Nixon,46,Coach
4000578,Rita,Kelly,32,Automotive mechanic
4000579,Joan,Sumner,28,Accountant
4000580,Marsha,Cobb,56,Chemist
4000581,Wesley,Bruce,39,Civil engineer
4000582,Cathy,Newton,37,Teacher
4000583,Kevin,Rogers,66,Lawyer
4000584,Craig,Sanchez,60,Chemist
4000585,Lester,Finch,65,Human resources assistant
4000586,Joy,Silverman,28,Coach
4000587,Kate,Horn,54,Doctor
4000588,Bernice,Richardson,71,Real estate agent
4000589,Theodore,Gay,60,Accountant
4000590,Cheryl,Chase,53,Secretary
4000591,Jamie,Gallagher,69,Librarian
4000592,Audrey,Kern,50,Nurse
4000593,Jennifer,Scott,43,Carpenter
4000594,Lewis,Bradley,31,Carpenter
4000595,Ben,Puckett,25,Photographer
4000596,Allen,Sanchez,59,Recreation and fitness worker
4000597,Alex,Yang,62,Athlete
4000598,Jennifer,Brantley,47,Musician
4000599,Doris,Bunn,43,Veterinarian
4000600,Jonathan,Link,44,Financial analyst
4000601,Allan,Nguyen,51,Pilot
4000602,Shawn,Stephens,32,Veterinarian
4000603,Stephanie,Horne,60,Real estate agent
4000604,Carol,Burton,39,Doctor
4000605,Melanie,Diaz,56,Musician
4000606,Samantha,Berry,31,Pilot
4000607,Renee,Knowles,63,Judge
4000608,Cathy,Freeman,42,Computer hardware engineer
4000609,Heidi,Hernandez,71,Nurse
4000610,Gayle,Roach,50,Athlete
4000611,Rita,Hardison,29,Athlete
4000612,Jacob,Wolf,54,Statistician
4000613,Steven,Boyd,71,Physicist
4000614,Tracy,Caldwell,61,Electrician
4000615,Eva,Mann,30,Police officer
4000616,Lorraine,McLeod,43,Physicist
4000617,Willie,Stanton,63,Musician
4000618,Joel,Park,33,Engineering technician
4000619,Vanessa,Chang,63,Psychologist
4000620,Becky,Newton,42,Judge
4000621,Melinda,Phillips,28,Civil engineer
4000622,Harvey,Whitaker,44,Farmer
4000623,Lee,Pitts,40,Photographer
4000624,Aaron,McLean,35,Social worker
4000625,Jack,Barton,30,Veterinarian
4000626,Suzanne,Gould,67,Loan officer
4000627,Katherine,Atkins,69,Recreation and fitness worker
4000628,Robyn,Shapiro,58,Architect
4000629,Julia,Vincent,49,Therapist
4000630,Bob,Harrell,40,Electrician
4000631,Brooke,Boswell,66,Childcare worker
4000632,Janet,Lassiter,58,Financial analyst
4000633,Kristen,Fisher,59,Recreation and fitness worker
4000634,Jenny,Case,64,Agricultural and food scientist
4000635,Jeanette,Parsons,63,Architect
4000636,Megan,McPherson,46,Athlete
4000637,Joel,Wiley,42,Architect
4000638,Don,Schwartz,35,Coach
4000639,Florence,McFarland,23,Electrical engineer
4000640,Jon,Baker,53,Civil engineer
4000641,Annie,Holden,36,Childcare worker
4000642,Kent,Hartman,67,Photographer
4000643,Eleanor,Schwartz,56,Computer support specialist
4000644,Nina,Nguyen,62,Doctor
4000645,Clara,Houston,53,Statistician
4000646,Bonnie,Friedman,57,Computer hardware engineer
4000647,Dwight,Adcock,67,Recreation and fitness worker
4000648,Angela,Stephens,53,Secretary
4000649,Marion,McClure,35,Coach
4000650,Curtis,Proctor,63,Computer hardware engineer
4000651,Tammy,Lang,63,Musician
4000652,Gilbert,Berger,32,Athlete
4000653,Edwin,Aldridge,28,Pilot
4000654,Emily,Davies,34,Coach
4000655,Hannah,Wall,23,Librarian
4000656,Ronald,Miles,64,Dancer
4000657,Helen,Bolton,62,Librarian
4000658,Barbara,Morgan,53,Childcare worker
4000659,Milton,Fisher,29,Dancer
4000660,Anne,Stephens,63,Carpenter
4000661,Lois,Holmes,31,Photographer
4000662,Dorothy,Ferrell,53,Firefighter
4000663,Claire,Henry,29,Police officer
4000664,Anita,Hedrick,63,Computer software engineer
4000665,Ronald,Horne,74,Architect
4000666,Allen,Weiss,38,Computer hardware engineer
4000667,Zachary,Singh,66,Firefighter
4000668,Kyle,Blalock,70,Politician
4000669,Seth,Aldridge,51,Judge
4000670,Jeff,Ritchie,65,Photographer
4000671,Sandra,Grossman,50,Coach
4000672,Jackie,Pugh,39,Real estate agent
4000673,Audrey,Olson,36,Computer support specialist
4000674,Dana,Fernandez,39,Recreation and fitness worker
4000675,Hazel,Arnold,69,Veterinarian
4000676,Joann,Stanley,47,Computer hardware engineer
4000677,Audrey,Field,70,Carpenter
4000678,Walter,Farmer,50,Human resources assistant
4000679,Herbert,Jernigan,59,
HI,Hawaii
ID,Idaho
IL,Illinois
IN,Indiana
IA,Iowa
KS,Kansas
KY,Kentucky
LA,Louisiana
ME,Maine
MT,Montana
NE,Nebraska
NV,Nevada
NH,New Hampshire
NJ,New Jersey
4000680,Harold,Bowers,57,Librarian
4000681,Sherry,Crabtree,55,Actor
4000682,Jeanne,Crabtree,24,Pharmacist
4000683,Rick,Clements,61,Nurse
4000684,Kristen,Spivey,59,Chemist
4000685,Patrick,Archer,27,Veterinarian
4000686,Sherri,Owen,66,Childcare worker
4000687,Herbert,Strickland,74,Accountant
4000688,Miriam,Berg,25,Judge
4000689,Maurice,Gibbons,60,Coach
4000690,Sandy,Warner,55,Judge
4000691,Shannon,Bray,69,Designer
4000692,Bradley,Eason,39,Doctor
4000693,Lester,Hoover,67,Computer hardware engineer
4000694,Tom,Park,54,Doctor
4000695,Chris,Anderson,52,
4000696,Milton,Li,33,Doctor
4000697,Eugene,Elmore,31,Dancer
4000698,Ashley,Pearson,52,Judge
4000699,Lois,Harper,36,Politician
4000700,Annette,Chu,39,Computer support specialist
4000701,Jenny,Schultz,56,Computer support specialist
4000702,Zachary,Black,26,Childcare worker
4000703,Barry,Mitchell,66,Pharmacist
4000704,Jerome,Sharp,56,Athlete
4000705,Cynthia,Glover,69,Physicist
4000706,Marilyn,Cates,32,Automotive mechanic
4000707,Natalie,Martin,52,Physicist
4000708,Brenda,Lowry,57,Statistician
4000709,Marsha,Cooke,28,Photographer
4000710,William,Fink,44,Veterinarian
4000711,Gloria,Barrett,36,Farmer
4000712,Lester,Olson,62,Lawyer
4000713,Vanessa,Melton,40,Veterinarian
4000714,Pauline,Coley,74,Farmer
4000715,Hannah,Mueller,26,Artist
4000716,Warren,Paul,32,Politician
4000717,Teresa,Daniel,26,Statistician
4000718,Joan,Padgett,39,Agricultural and food scientist
4000719,Jonathan,Daniels,28,Writer
4000720,Denise,Hayes,34,Psychologist
4000721,Bobby,Hines,26,Pilot
4000722,Erin,Pridgen,44,Carpenter
4000723,Harry,Stone,64,Computer support specialist
4000724,Priscilla,Hayes,28,Computer support specialist
4000725,Renee,Harris,65,Architect
4000726,Bob,Walter,72,Statistician
4000727,Julian,Woods,40,Financial analyst
4000728,Annie,Jennings,35,Nurse
4000729,Wendy,Lopez,37,Politician
4000730,Bernard,McCarthy,41,Electrician
4000731,Alvin,Frederick,27,Recreation and fitness worker
4000732,Denise,Lopez,60,Veterinarian
4000733,Gary,Scarborough,27,Firefighter
4000734,Oscar,Brandt,65,Firefighter
4000735,Nina,Nolan,70,Librarian
4000736,Ann,Chandler,25,Electrician
4000737,Shirley,Carlton,57,Librarian
4000738,Joanne,Katz,60,Recreation and fitness worker
4000739,Patsy,Parrott,41,Therapist
4000740,Franklin,Corbett,75,Firefighter
4000741,Bradley,Godfrey,34,Photographer
4000742,Marguerite,Cooke,56,Computer support specialist
4000743,Sherri,Pate,61,Accountant
4000744,Dorothy,Barber,39,Firefighter
4000745,Brent,Fletcher,68,Photographer
4000746,Regina,Schroeder,34,Environmental scientist
4000747,Calvin,Lindsay,35,Firefighter
4000748,Gilbert,Boswell,37,Financial analyst
4000749,Wesley,Buckley,60,Nurse
4000750,Erika,Harmon,53,Dancer
4000751,Don,Walters,70,Electrical engineer
4000752,Ethel,Stevens,23,Designer
4000753,Rodney,Knight,29,Carpenter
4000754,Dennis,Rowland,72,Coach
4000755,Zachary,Lindsay,67,Agricultural and food scientist
4000756,Harriet,Bowling,40,Pharmacist
4000757,Amanda,Kirby,24,Electrician
4000758,Jose,Benson,65,Computer hardware engineer
4000759,Lynn,Anthony,43,Social worker
4000760,Shelley,Dunn,27,Chemist
4000761,Mike,Hill,51,Chemist
4000762,Laurence,Lang,58,Teacher
4000763,Amanda,Grimes,31,Physicist
4000764,Bernard,Bowers,38,Loan officer
4000765,Janice,Bowden,21,Politician
4000766,Hazel,Underwood,71,Agricultural and food scientist
4000767,Luis,Zhang,24,Pharmacist
4000768,Ralph,Godwin,54,Judge
4000769,Geraldine,Rice,53,Judge
4000770,Claire,Townsend,57,Financial analyst
4000771,Jeanne,Lin,70,Computer hardware engineer
4000772,Willie,Pitts,29,Actor
4000773,Alfred,Koch,62,Judge
4000774,Eddie,Callahan,43,Pilot
4000775,Christopher,Long,34,Environmental scientist
4000776,Phyllis,Norton,28,Economist
4000777,Peggy,Blackburn,57,Police officer
4000778,Elaine,O'Connell,70,Agricultural and food scientist
4000779,Jason,Bowling,21,Coach
4000780,Neal,Robinson,75,Artist
4000781,Diana,Pritchard,73,Therapist
4000782,Nina,Lawson,51,Loan officer
4000783,Maxine,Dickerson,57,Photographer
4000784,Ted,Livingston,70,Economist
AL,Alabama
AK,Alaska
AZ,Arizona
AR,Arkansas
CA,California
CO,Colorado
CT,Connecticut
DE,Delaware
DC,District of Columbia
FL,Florida
GA,Georgia
4000785,Allen,Hansen,33,Secretary
4000786,Gordon,Berman,41,Teacher
4000787,Billy,Carroll,27,Librarian
4000788,Veronica,Kearney,38,Photographer
4000789,Hazel,Peterson,60,Designer
4000790,Eddie,Richards,40,Chemist
4000791,Katherine,Sutherland,25,Dancer
4000792,William,McCormick,64,Politician
4000793,Nina,Beach,48,Civil engineer
4000794,Ben,Wu,51,Environmental scientist
4000795,Frances,Hunt,33,Artist
4000796,Thelma,Carver,71,Teacher
4000797,Dennis,Anthony,56,Musician
4000798,Christina,Livingston,48,Police officer
4000799,James,Floyd,51,Accountant
4000800,Frederick,McCall,67,Veterinarian
4000801,Alfred,Haynes,36,Farmer
4000802,Oscar,Gunter,36,Musician
4000803,Joanne,Solomon,48,Doctor
4000804,Richard,Harris,27,Actor
4000805,Christine,Cline,36,Police officer
4000806,Theodore,McKay,33,Accountant
4000807,Jack,Braun,68,Financial analyst
4000808,Rhonda,Preston,49,Actor
4000809,Beth,Hayes,59,Designer
4000810,Douglas,Burnette,41,Secretary
